,scores,centers
0,0.9979729056358337,[10.6989994  38.32999992 -3.66899872]
1,0.9696850776672363,[10.6989994  18.32999992 -9.66899872]
2,0.9553048014640808,[32.6989994  36.32999992  8.33100128]
3,0.5933951735496521,[24.6989994  24.32999992  6.33100128]
4,0.7471287846565247,[ 10.6989994   32.32999992 -15.66899872]
